enum_name,const_name,value
AlignConstants,vbAlignNone,0
AlignConstants,vbAlignTop,1
AlignConstants,vbAlignBottom,2
AlignConstants,vbAlignLeft,3
AlignConstants,vbAlignRight,4
AlignmentConstants,vbLeftJustify,0
AlignmentConstants,vbRightJustify,1
AlignmentConstants,vbCenter,2
ApplicationStartConstants,vbSModeStandalone,0
ApplicationStartConstants,vbSModeAutomation,1
AsyncReadConstants,vbAsyncReadSynchronousDownload,1
AsyncReadConstants,vbAsyncReadOfflineOperation,8
AsyncReadConstants,vbAsyncReadForceUpdate,16
AsyncReadConstants,vbAsyncReadResynchronize,512
AsyncReadConstants,vbAsyncReadGetFromCacheIfNetFail,524288
AsyncStatusCodeConstants,vbAsyncStatusCodeError,0
AsyncStatusCodeConstants,vbAsyncStatusCodeFindingResource,1
AsyncStatusCodeConstants,vbAsyncStatusCodeConnecting,2
AsyncStatusCodeConstants,vbAsyncStatusCodeRedirecting,3
AsyncStatusCodeConstants,vbAsyncStatusCodeBeginDownloadData,4
AsyncStatusCodeConstants,vbAsyncStatusCodeDownloadingData,5
AsyncStatusCodeConstants,vbAsyncStatusCodeEndDownloadData,6
AsyncStatusCodeConstants,vbAsyncStatusCodeUsingCachedCopy,10
AsyncStatusCodeConstants,vbAsyncStatusCodeSendingRequest,11
AsyncStatusCodeConstants,vbAsyncStatusCodeMIMETypeAvailable,13
AsyncStatusCodeConstants,vbAsyncStatusCodeCacheFileNameAvailable,14
AsyncStatusCodeConstants,vbAsyncStatusCodeBeginSyncOperation,15
AsyncStatusCodeConstants,vbAsyncStatusCodeEndSyncOperation,16
AsyncTypeConstants,vbAsyncTypePicture,0
AsyncTypeConstants,vbAsyncTypeFile,1
AsyncTypeConstants,vbAsyncTypeByteArray,2
BorderStyleConstants,vbTransparent,0
BorderStyleConstants,vbBSSolid,1
BorderStyleConstants,vbBSDash,2
BorderStyleConstants,vbBSDot,3
BorderStyleConstants,vbBSDashDot,4
BorderStyleConstants,vbBSDashDotDot,5
BorderStyleConstants,vbBSInsideSolid,6
ButtonConstants,vbButtonStandard,0
ButtonConstants,vbButtonGraphical,1
CheckBoxConstants,vbUnchecked,0
CheckBoxConstants,vbChecked,1
CheckBoxConstants,vbGrayed,2
ClipBoardConstants,vbCFLink,-16640
ClipBoardConstants,vbCFRTF,-16639
ClipBoardConstants,vbCFText,1
ClipBoardConstants,vbCFBitmap,2
ClipBoardConstants,vbCFMetafile,3
ClipBoardConstants,vbCFDIB,8
ClipBoardConstants,vbCFPalette,9
ClipBoardConstants,vbCFEMetafile,14
ClipBoardConstants,vbCFFiles,15
ColorConstants,vbBlack,0
ColorConstants,vbRed,255
ColorConstants,vbGreen,65280
ColorConstants,vbYellow,65535
ColorConstants,vbBlue,16711680
ColorConstants,vbMagenta,16711935
ColorConstants,vbCyan,16776960
ColorConstants,vbWhite,16777215
ComboBoxConstants,vbComboDropdown,0
ComboBoxConstants,vbComboSimple,1
ComboBoxConstants,vbComboDropdownList,2
DataBOFconstants,vbMoveFirst,0
DataBOFconstants,vbBOF,1
DataEOFConstants,vbMoveLast,0
DataEOFConstants,vbRSTypeTable,0
DataEOFConstants,vbEOF,1
DataEOFConstants,vbRSTypeDynaset,1
DataEOFConstants,vbAddNew,2
DataEOFConstants,vbRSTypeSnapShot,2
DataErrorConstants,vbDataErrContinue,0
DataErrorConstants,vbDataErrDisplay,1
DataValidateConstants,vbDataActionCancel,0
DataValidateConstants,vbDataActionMoveFirst,1
DataValidateConstants,vbDataActionMovePrevious,2
DataValidateConstants,vbDataActionMoveNext,3
DataValidateConstants,vbDataActionMoveLast,4
DataValidateConstants,vbDataActionAddNew,5
DataValidateConstants,vbDataActionUpdate,6
DataValidateConstants,vbDataActionDelete,7
DataValidateConstants,vbDataActionFind,8
DataValidateConstants,vbDataActionBookmark,9
DataValidateConstants,vbDataActionClose,10
DataValidateConstants,vbDataActionUnload,11
DefaultCursorTypeConstants,vbUseDefaultCursor,0
DefaultCursorTypeConstants,vbUseODBCCursor,1
DefaultCursorTypeConstants,vbUseServersideCursor,2
DragConstants,vbCancel,0
DragConstants,vbBeginDrag,1
DragConstants,vbEndDrag,2
DragModeConstants,vbManual,0
DragModeConstants,vbAutomatic,1
DragOverConstants,vbEnter,0
DragOverConstants,vbLeave,1
DragOverConstants,vbOver,2
DrawModeConstants,vbBlackness,1
DrawModeConstants,vbNotMergePen,2
DrawModeConstants,vbMaskNotPen,3
DrawModeConstants,vbNotCopyPen,4
DrawModeConstants,vbMaskPenNot,5
DrawModeConstants,vbInvert,6
DrawModeConstants,vbXorPen,7
DrawModeConstants,vbNotMaskPen,8
DrawModeConstants,vbMaskPen,9
DrawModeConstants,vbNotXorPen,10
DrawModeConstants,vbNop,11
DrawModeConstants,vbMergeNotPen,12
DrawModeConstants,vbCopyPen,13
DrawModeConstants,vbMergePenNot,14
DrawModeConstants,vbMergePen,15
DrawModeConstants,vbWhiteness,16
DrawStyleConstants,vbSolid,0
DrawStyleConstants,vbDash,1
DrawStyleConstants,vbDot,2
DrawStyleConstants,vbDashDot,3
DrawStyleConstants,vbDashDotDot,4
DrawStyleConstants,vbInvisible,5
DrawStyleConstants,vbInsideSolid,6
FillStyleConstants,vbFSSolid,0
FillStyleConstants,vbFSTransparent,1
FillStyleConstants,vbHorizontalLine,2
FillStyleConstants,vbVerticalLine,3
FillStyleConstants,vbUpwardDiagonal,4
FillStyleConstants,vbDownwardDiagonal,5
FillStyleConstants,vbCross,6
FillStyleConstants,vbDiagonalCross,7
FormArrangeConstants,vbCascade,0
FormArrangeConstants,vbTileHorizontal,1
FormArrangeConstants,vbTileVertical,2
FormArrangeConstants,vbArrangeIcons,3
FormBorderStyleConstants,vbBSNone,0
FormBorderStyleConstants,vbFixedSingle,1
FormBorderStyleConstants,vbSizable,2
FormBorderStyleConstants,vbFixedDouble,3
FormBorderStyleConstants,vbFixedDialog,3
FormBorderStyleConstants,vbFixedToolWindow,4
FormBorderStyleConstants,vbSizableToolWindow,5
FormShowConstants,vbModeless,0
FormShowConstants,vbModal,1
FormWindowStateConstants,vbNormal,0
FormWindowStateConstants,vbMinimized,1
FormWindowStateConstants,vbMaximized,2
HitResultConstants,vbHitResultOutside,0
HitResultConstants,vbHitResultTransparent,1
HitResultConstants,vbHitResultClose,2
HitResultConstants,vbHitResultHit,3
KeyCodeConstants,vbKeyLButton,1
KeyCodeConstants,vbKeyRButton,2
KeyCodeConstants,vbKeyCancel,3
KeyCodeConstants,vbKeyMButton,4
KeyCodeConstants,vbKeyBack,8
KeyCodeConstants,vbKeyTab,9
KeyCodeConstants,vbKeyClear,12
KeyCodeConstants,vbKeyReturn,13
KeyCodeConstants,vbKeyShift,16
KeyCodeConstants,vbKeyControl,17
KeyCodeConstants,vbKeyMenu,18
KeyCodeConstants,vbKeyPause,19
KeyCodeConstants,vbKeyCapital,20
KeyCodeConstants,vbKeyEscape,27
KeyCodeConstants,vbKeySpace,32
KeyCodeConstants,vbKeyPageUp,33
KeyCodeConstants,vbKeyPageDown,34
KeyCodeConstants,vbKeyEnd,35
KeyCodeConstants,vbKeyHome,36
KeyCodeConstants,vbKeyLeft,37
KeyCodeConstants,vbKeyUp,38
KeyCodeConstants,vbKeyRight,39
KeyCodeConstants,vbKeyDown,40
KeyCodeConstants,vbKeySelect,41
KeyCodeConstants,vbKeyPrint,42
KeyCodeConstants,vbKeyExecute,43
KeyCodeConstants,vbKeySnapshot,44
KeyCodeConstants,vbKeyInsert,45
KeyCodeConstants,vbKeyDelete,46
KeyCodeConstants,vbKeyHelp,47
KeyCodeConstants,vbKey0,48
KeyCodeConstants,vbKey1,49
KeyCodeConstants,vbKey2,50
KeyCodeConstants,vbKey3,51
KeyCodeConstants,vbKey4,52
KeyCodeConstants,vbKey5,53
KeyCodeConstants,vbKey6,54
KeyCodeConstants,vbKey7,55
KeyCodeConstants,vbKey8,56
KeyCodeConstants,vbKey9,57
KeyCodeConstants,vbKeyA,65
KeyCodeConstants,vbKeyB,66
KeyCodeConstants,vbKeyC,67
KeyCodeConstants,vbKeyD,68
KeyCodeConstants,vbKeyE,69
KeyCodeConstants,vbKeyF,70
KeyCodeConstants,vbKeyG,71
KeyCodeConstants,vbKeyH,72
KeyCodeConstants,vbKeyI,73
KeyCodeConstants,vbKeyJ,74
KeyCodeConstants,vbKeyK,75
KeyCodeConstants,vbKeyL,76
KeyCodeConstants,vbKeyM,77
KeyCodeConstants,vbKeyN,78
KeyCodeConstants,vbKeyO,79
KeyCodeConstants,vbKeyP,80
KeyCodeConstants,vbKeyQ,81
KeyCodeConstants,vbKeyR,82
KeyCodeConstants,vbKeyS,83
KeyCodeConstants,vbKeyT,84
KeyCodeConstants,vbKeyU,85
KeyCodeConstants,vbKeyV,86
KeyCodeConstants,vbKeyW,87
KeyCodeConstants,vbKeyX,88
KeyCodeConstants,vbKeyY,89
KeyCodeConstants,vbKeyZ,90
KeyCodeConstants,vbKeyNumpad0,96
KeyCodeConstants,vbKeyNumpad1,97
KeyCodeConstants,vbKeyNumpad2,98
KeyCodeConstants,vbKeyNumpad3,99
KeyCodeConstants,vbKeyNumpad4,100
KeyCodeConstants,vbKeyNumpad5,101
KeyCodeConstants,vbKeyNumpad6,102
KeyCodeConstants,vbKeyNumpad7,103
KeyCodeConstants,vbKeyNumpad8,104
KeyCodeConstants,vbKeyNumpad9,105
KeyCodeConstants,vbKeyMultiply,106
KeyCodeConstants,vbKeyAdd,107
KeyCodeConstants,vbKeySeparator,108
KeyCodeConstants,vbKeySubtract,109
KeyCodeConstants,vbKeyDecimal,110
KeyCodeConstants,vbKeyDivide,111
KeyCodeConstants,vbKeyF1,112
KeyCodeConstants,vbKeyF2,113
KeyCodeConstants,vbKeyF3,114
KeyCodeConstants,vbKeyF4,115
KeyCodeConstants,vbKeyF5,116
KeyCodeConstants,vbKeyF6,117
KeyCodeConstants,vbKeyF7,118
KeyCodeConstants,vbKeyF8,119
KeyCodeConstants,vbKeyF9,120
KeyCodeConstants,vbKeyF10,121
KeyCodeConstants,vbKeyF11,122
KeyCodeConstants,vbKeyF12,123
KeyCodeConstants,vbKeyF13,124
KeyCodeConstants,vbKeyF14,125
KeyCodeConstants,vbKeyF15,126
KeyCodeConstants,vbKeyF16,127
KeyCodeConstants,vbKeyNumlock,144
KeyCodeConstants,vbKeyScrollLock,145
LinkErrorConstants,vbWrongFormat,1
LinkErrorConstants,vbDDESourceClosed,6
LinkErrorConstants,vbTooManyLinks,7
LinkErrorConstants,vbDataTransferFailed,8
LinkModeConstants,vbLinkNone,0
LinkModeConstants,vbLinkSource,1
LinkModeConstants,vbLinkAutomatic,1
LinkModeConstants,vbLinkManual,2
LinkModeConstants,vbLinkNotify,3
ListBoxConstants,vbListBoxStandard,0
ListBoxConstants,vbListBoxCheckbox,1
LoadPictureColorConstants,vbLPDefault,0
LoadPictureColorConstants,vbLPMonochrome,1
LoadPictureColorConstants,vbLPVGAColor,2
LoadPictureColorConstants,vbLPColor,3
LoadPictureSizeConstants,vbLPSmall,0
LoadPictureSizeConstants,vbLPLarge,1
LoadPictureSizeConstants,vbLPSmallShell,2
LoadPictureSizeConstants,vbLPLargeShell,3
LoadPictureSizeConstants,vbLPCustom,4
LoadResConstants,vbResBitmap,0
LoadResConstants,vbResIcon,1
LoadResConstants,vbResCursor,2
LogEventTypeConstants,vbLogEventTypeError,1
LogEventTypeConstants,vbLogEventTypeWarning,2
LogEventTypeConstants,vbLogEventTypeInformation,4
LogModeConstants,vbLogAuto,0
LogModeConstants,vbLogOff,1
LogModeConstants,vbLogToFile,2
LogModeConstants,vbLogToNT,3
LogModeConstants,vbLogOverwrite,16
LogModeConstants,vbLogThreadID,32
MenuAccelConstants,vbMenuAccelCtrlA,1
MenuAccelConstants,vbMenuAccelCtrlB,2
MenuAccelConstants,vbMenuAccelCtrlC,3
MenuAccelConstants,vbMenuAccelCtrlD,4
MenuAccelConstants,vbMenuAccelCtrlE,5
MenuAccelConstants,vbMenuAccelCtrlF,6
MenuAccelConstants,vbMenuAccelCtrlG,7
MenuAccelConstants,vbMenuAccelCtrlH,8
MenuAccelConstants,vbMenuAccelCtrlI,9
MenuAccelConstants,vbMenuAccelCtrlJ,10
MenuAccelConstants,vbMenuAccelCtrlK,11
MenuAccelConstants,vbMenuAccelCtrlL,12
MenuAccelConstants,vbMenuAccelCtrlM,13
MenuAccelConstants,vbMenuAccelCtrlN,14
MenuAccelConstants,vbMenuAccelCtrlO,15
MenuAccelConstants,vbMenuAccelCtrlP,16
MenuAccelConstants,vbMenuAccelCtrlQ,17
MenuAccelConstants,vbMenuAccelCtrlR,18
MenuAccelConstants,vbMenuAccelCtrlS,19
MenuAccelConstants,vbMenuAccelCtrlT,20
MenuAccelConstants,vbMenuAccelCtrlU,21
MenuAccelConstants,vbMenuAccelCtrlV,22
MenuAccelConstants,vbMenuAccelCtrlW,23
MenuAccelConstants,vbMenuAccelCtrlX,24
MenuAccelConstants,vbMenuAccelCtrlY,25
MenuAccelConstants,vbMenuAccelCtrlZ,26
MenuAccelConstants,vbMenuAccelF1,27
MenuAccelConstants,vbMenuAccelF2,28
MenuAccelConstants,vbMenuAccelF3,29
MenuAccelConstants,vbMenuAccelF4,30
MenuAccelConstants,vbMenuAccelF5,31
MenuAccelConstants,vbMenuAccelF6,32
MenuAccelConstants,vbMenuAccelF7,33
MenuAccelConstants,vbMenuAccelF8,34
MenuAccelConstants,vbMenuAccelF9,35
MenuAccelConstants,vbMenuAccelF11,36
MenuAccelConstants,vbMenuAccelF12,37
MenuAccelConstants,vbMenuAccelCtrlF1,38
MenuAccelConstants,vbMenuAccelCtrlF2,39
MenuAccelConstants,vbMenuAccelCtrlF3,40
MenuAccelConstants,vbMenuAccelCtrlF4,41
MenuAccelConstants,vbMenuAccelCtrlF5,42
MenuAccelConstants,vbMenuAccelCtrlF6,43
MenuAccelConstants,vbMenuAccelCtrlF7,44
MenuAccelConstants,vbMenuAccelCtrlF8,45
MenuAccelConstants,vbMenuAccelCtrlF9,46
MenuAccelConstants,vbMenuAccelCtrlF11,47
MenuAccelConstants,vbMenuAccelCtrlF12,48
MenuAccelConstants,vbMenuAccelShiftF1,49
MenuAccelConstants,vbMenuAccelShfitF2,50
MenuAccelConstants,vbMenuAccelShiftF3,51
MenuAccelConstants,vbMenuAccelShiftF4,52
MenuAccelConstants,vbMenuAccelShiftF5,53
MenuAccelConstants,vbMenuAccelShiftF6,54
MenuAccelConstants,vbMenuAccelShiftF7,55
MenuAccelConstants,vbMenuAccelShiftF8,56
MenuAccelConstants,vbMenuAccelShiftF9,57
MenuAccelConstants,vbMenuAccelShiftF11,58
MenuAccelConstants,vbMenuAccelShiftF12,59
MenuAccelConstants,vbMenuAccelShiftCtrlF1,60
MenuAccelConstants,vbMenuAccelShiftCtrlF2,61
MenuAccelConstants,vbMenuAccelShiftCtrlF3,62
MenuAccelConstants,vbMenuAccelShiftCtrlF4,63
MenuAccelConstants,vbMenuAccelShiftCtrlF5,64
MenuAccelConstants,vbMenuAccelShiftCtrlF6,65
MenuAccelConstants,vbMenuAccelShiftCtrlF7,66
MenuAccelConstants,vbMenuAccelShiftCtrlF8,67
MenuAccelConstants,vbMenuAccelShiftCtrlF9,68
MenuAccelConstants,vbMenuAccelShiftCtrlF11,69
MenuAccelConstants,vbMenuAccelShiftCtrlF12,70
MenuAccelConstants,vbMenuAccelCtrlIns,71
MenuAccelConstants,vbMenuAccelShiftIns,72
MenuAccelConstants,vbMenuAccelDel,73
MenuAccelConstants,vbMenuAccelShiftDel,74
MenuAccelConstants,vbMenuAccelAltBksp,75
MenuControlConstants,vbPopupMenuLeftAlign,0
MenuControlConstants,vbPopupMenuLeftButton,0
MenuControlConstants,vbPopupMenuRightButton,2
MenuControlConstants,vbPopupMenuCenterAlign,4
MenuControlConstants,vbPopupMenuRightAlign,8
MouseButtonConstants,vbLeftButton,1
MouseButtonConstants,vbRightButton,2
MouseButtonConstants,vbMiddleButton,4
MousePointerConstants,vbDefault,0
MousePointerConstants,vbArrow,1
MousePointerConstants,vbCrosshair,2
MousePointerConstants,vbIbeam,3
MousePointerConstants,vbIconPointer,4
MousePointerConstants,vbSizePointer,5
MousePointerConstants,vbSizeNESW,6
MousePointerConstants,vbSizeNS,7
MousePointerConstants,vbSizeNWSE,8
MousePointerConstants,vbSizeWE,9
MousePointerConstants,vbUpArrow,10
MousePointerConstants,vbHourglass,11
MousePointerConstants,vbNoDrop,12
MousePointerConstants,vbArrowHourglass,13
MousePointerConstants,vbArrowQuestion,14
MousePointerConstants,vbSizeAll,15
MousePointerConstants,vbCustom,99
MultiSelectConstants,vbMultiSelectNone,0
MultiSelectConstants,vbMultiSelectSimple,1
MultiSelectConstants,vbMultiSelectExtended,2
OLEContainerConstants,vbOLEDiscardUndoState,-6
OLEContainerConstants,vbOLEInPlaceActivate,-5
OLEContainerConstants,vbOLEUIActivate,-4
OLEContainerConstants,vbOLEHide,-3
OLEContainerConstants,vbOLEOpen,-2
OLEContainerConstants,vbOLEShow,-1
OLEContainerConstants,vbOLELinked,0
OLEContainerConstants,vbOLEAutomatic,0
OLEContainerConstants,vbOLEActivateManual,0
OLEContainerConstants,vbOLESizeClip,0
OLEContainerConstants,vbOLEDisplayContent,0
OLEContainerConstants,vbOLEChanged,0
OLEContainerConstants,vbOLEPrimary,0
OLEContainerConstants,vbOLEEmbedded,1
OLEContainerConstants,vbOLEFrozen,1
OLEContainerConstants,vbOLEActivateGetFocus,1
OLEContainerConstants,vbOLESizeStretch,1
OLEContainerConstants,vbOLEDisplayIcon,1
OLEContainerConstants,vbOLESaved,1
OLEContainerConstants,vbOLEFlagGrayed,1
OLEContainerConstants,vbOLEMiscFlagMemStorage,1
OLEContainerConstants,vbOLEEither,2
OLEContainerConstants,vbOLEManual,2
OLEContainerConstants,vbOLEActivateDoubleclick,2
OLEContainerConstants,vbOLESizeAutoSize,2
OLEContainerConstants,vbOLEClosed,2
OLEContainerConstants,vbOLEFlagDisabled,2
OLEContainerConstants,vbOLEMiscFlagDisableInPlace,2
OLEContainerConstants,vbOLENone,3
OLEContainerConstants,vbOLEActivateAuto,3
OLEContainerConstants,vbOLESizeZoom,3
OLEContainerConstants,vbOLERenamed,3
OLEContainerConstants,vbOLEFlagChecked,8
OLEContainerConstants,vbOLEFlagSeparator,2048
OLEDragConstants,vbOLEDragManual,0
OLEDragConstants,vbOLEDragAutomatic,1
OLEDropConstants,vbOLEDropNone,0
OLEDropConstants,vbOLEDropManual,1
OLEDropConstants,vbOLEDropAutomatic,2
OLEDropEffectConstants,vbDropEffectScroll,-2147483648
OLEDropEffectConstants,vbDropEffectNone,0
OLEDropEffectConstants,vbDropEffectCopy,1
OLEDropEffectConstants,vbDropEffectMove,2
OldLinkModeConstants,vbHot,1
OldLinkModeConstants,vbServer,1
OldLinkModeConstants,vbCold,2
PaletteModeConstants,vbPaletteModeHalftone,0
PaletteModeConstants,vbPaletteModeUseZOrder,1
PaletteModeConstants,vbPaletteModeCustom,2
PaletteModeConstants,vbPaletteModeContainer,3
PaletteModeConstants,vbPaletteModeNone,4
PaletteModeConstants,vbPaletteModeObject,5
ParentControlsType,vbNoExtender,0
ParentControlsType,vbExtender,1
PictureTypeConstants,vbPicTypeNone,0
PictureTypeConstants,vbPicTypeBitmap,1
PictureTypeConstants,vbPicTypeMetafile,2
PictureTypeConstants,vbPicTypeIcon,3
PictureTypeConstants,vbPicTypeEMetafile,4
PrinterObjectConstants,vbPRPQHigh,-4
PrinterObjectConstants,vbPRPQMedium,-3
PrinterObjectConstants,vbPRPQLow,-2
PrinterObjectConstants,vbPRPQDraft,-1
PrinterObjectConstants,vbPRCMMonochrome,1
PrinterObjectConstants,vbPRDPSimplex,1
PrinterObjectConstants,vbPRORPortrait,1
PrinterObjectConstants,vbPRBNUpper,1
PrinterObjectConstants,vbPRPSLetter,1
PrinterObjectConstants,vbPRCMColor,2
PrinterObjectConstants,vbPRDPHorizontal,2
PrinterObjectConstants,vbPRORLandscape,2
PrinterObjectConstants,vbPRBNLower,2
PrinterObjectConstants,vbPRPSLetterSmall,2
PrinterObjectConstants,vbPRDPVertical,3
PrinterObjectConstants,vbPRBNMiddle,3
PrinterObjectConstants,vbPRPSTabloid,3
PrinterObjectConstants,vbPRBNManual,4
PrinterObjectConstants,vbPRPSLedger,4
PrinterObjectConstants,vbPRBNEnvelope,5
PrinterObjectConstants,vbPRPSLegal,5
PrinterObjectConstants,vbPRBNEnvManual,6
PrinterObjectConstants,vbPRPSStatement,6
PrinterObjectConstants,vbPRBNAuto,7
PrinterObjectConstants,vbPRPSExecutive,7
PrinterObjectConstants,vbPRBNTractor,8
PrinterObjectConstants,vbPRPSA3,8
PrinterObjectConstants,vbPRBNSmallFmt,9
PrinterObjectConstants,vbPRPSA4,9
PrinterObjectConstants,vbPRBNLargeFmt,10
PrinterObjectConstants,vbPRPSA4Small,10
PrinterObjectConstants,vbPRBNLargeCapacity,11
PrinterObjectConstants,vbPRPSA5,11
PrinterObjectConstants,vbPRPSB4,12
PrinterObjectConstants,vbPRPSB5,13
PrinterObjectConstants,vbPRBNCassette,14
PrinterObjectConstants,vbPRPSFolio,14
PrinterObjectConstants,vbPRPSQuarto,15
PrinterObjectConstants,vbPRPS10x14,16
PrinterObjectConstants,vbPRPS11x17,17
PrinterObjectConstants,vbPRPSNote,18
PrinterObjectConstants,vbPRPSEnv9,19
PrinterObjectConstants,vbPRPSEnv10,20
PrinterObjectConstants,vbPRPSEnv11,21
PrinterObjectConstants,vbPRPSEnv12,22
PrinterObjectConstants,vbPRPSEnv14,23
PrinterObjectConstants,vbPRPSCSheet,24
PrinterObjectConstants,vbPRPSDSheet,25
PrinterObjectConstants,vbPRPSESheet,26
PrinterObjectConstants,vbPRPSEnvDL,27
PrinterObjectConstants,vbPRPSEnvC5,28
PrinterObjectConstants,vbPRPSEnvC3,29
PrinterObjectConstants,vbPRPSEnvC4,30
PrinterObjectConstants,vbPRPSEnvC6,31
PrinterObjectConstants,vbPRPSEnvC65,32
PrinterObjectConstants,vbPRPSEnvB4,33
PrinterObjectConstants,vbPRPSEnvB5,34
PrinterObjectConstants,vbPRPSEnvB6,35
PrinterObjectConstants,vbPRPSEnvItaly,36
PrinterObjectConstants,vbPRPSEnvMonarch,37
PrinterObjectConstants,vbPRPSEnvPersonal,38
PrinterObjectConstants,vbPRPSFanfoldUS,39
PrinterObjectConstants,vbPRPSFanfoldStdGerman,40
PrinterObjectConstants,vbPRPSFanfoldLglGerman,41
PrinterObjectConstants,vbPRPSUser,256
QueryUnloadConstants,vbFormControlMenu,0
QueryUnloadConstants,vbFormCode,1
QueryUnloadConstants,vbAppWindows,2
QueryUnloadConstants,vbAppTaskManager,3
QueryUnloadConstants,vbFormMDIForm,4
QueryUnloadConstants,vbFormOwner,5
RasterOpConstants,vbNotSrcErase,1114278
RasterOpConstants,vbNotSrcCopy,3342344
RasterOpConstants,vbSrcErase,4457256
RasterOpConstants,vbDstInvert,5570569
RasterOpConstants,vbPatInvert,5898313
RasterOpConstants,vbSrcInvert,6684742
RasterOpConstants,vbSrcAnd,8913094
RasterOpConstants,vbMergePaint,12255782
RasterOpConstants,vbMergeCopy,12583114
RasterOpConstants,vbSrcCopy,13369376
RasterOpConstants,vbSrcPaint,15597702
RasterOpConstants,vbPatCopy,15728673
RasterOpConstants,vbPatPaint,16452105
ScaleModeConstants,vbUser,0
ScaleModeConstants,vbTwips,1
ScaleModeConstants,vbPoints,2
ScaleModeConstants,vbPixels,3
ScaleModeConstants,vbCharacters,4
ScaleModeConstants,vbInches,5
ScaleModeConstants,vbMillimeters,6
ScaleModeConstants,vbCentimeters,7
ScaleModeConstants,vbHimetric,8
ScaleModeConstants,vbContainerPosition,9
ScaleModeConstants,vbContainerSize,10
ScrollBarConstants,vbSBNone,0
ScrollBarConstants,vbHorizontal,1
ScrollBarConstants,vbVertical,2
ScrollBarConstants,vbBoth,3
ShapeConstants,vbShapeRectangle,0
ShapeConstants,vbShapeSquare,1
ShapeConstants,vbShapeOval,2
ShapeConstants,vbShapeCircle,3
ShapeConstants,vbShapeRoundedRectangle,4
ShapeConstants,vbShapeRoundedSquare,5
ShiftConstants,vbShiftMask,1
ShiftConstants,vbCtrlMask,2
ShiftConstants,vbAltMask,4
StartUpPositionConstants,vbStartUpManual,0
StartUpPositionConstants,vbStartUpOwner,1
StartUpPositionConstants,vbStartUpScreen,2
StartUpPositionConstants,vbStartUpWindowsDefault,3
SystemColorConstants,vbScrollBars,-2147483648
SystemColorConstants,vbDesktop,-2147483647
SystemColorConstants,vbActiveTitleBar,-2147483646
SystemColorConstants,vbInactiveTitleBar,-2147483645
SystemColorConstants,vbMenuBar,-2147483644
SystemColorConstants,vbWindowBackground,-2147483643
SystemColorConstants,vbWindowFrame,-2147483642
SystemColorConstants,vbMenuText,-2147483641
SystemColorConstants,vbWindowText,-2147483640
SystemColorConstants,vbTitleBarText,-2147483639
SystemColorConstants,vbActiveTitleBarText,-2147483639
SystemColorConstants,vbActiveBorder,-2147483638
SystemColorConstants,vbInactiveBorder,-2147483637
SystemColorConstants,vbApplicationWorkspace,-2147483636
SystemColorConstants,vbHighlight,-2147483635
SystemColorConstants,vbHighlightText,-2147483634
SystemColorConstants,vbButtonFace,-2147483633
SystemColorConstants,vb3DFace,-2147483633
SystemColorConstants,vbButtonShadow,-2147483632
SystemColorConstants,vb3DShadow,-2147483632
SystemColorConstants,vbGrayText,-2147483631
SystemColorConstants,vbButtonText,-2147483630
SystemColorConstants,vbInactiveTitleBarText,-2147483629
SystemColorConstants,vbInactiveCaptionText,-2147483629
SystemColorConstants,vb3DHighlight,-2147483628
SystemColorConstants,vb3DDKShadow,-2147483627
SystemColorConstants,vb3DLight,-2147483626
SystemColorConstants,vbInfoText,-2147483625
SystemColorConstants,vbInfoBackground,-2147483624
VariantTypeConstants,vbVEmpty,0
VariantTypeConstants,vbVNull,1
VariantTypeConstants,vbVInteger,2
VariantTypeConstants,vbVLong,3
VariantTypeConstants,vbVSingle,4
VariantTypeConstants,vbVDouble,5
VariantTypeConstants,vbVCurrency,6
VariantTypeConstants,vbVDate,7
VariantTypeConstants,vbVString,8
VbAppWinStyle,vbHide,0
VbAppWinStyle,vbNormalFocus,1
VbAppWinStyle,vbMinimizedFocus,2
VbAppWinStyle,vbMaximizedFocus,3
VbAppWinStyle,vbNormalNoFocus,4
VbAppWinStyle,vbMinimizedNoFocus,6
VbCalendar,vbCalGreg,0
VbCalendar,vbCalHijri,1
VbCallType,vbObjectError,-2147221504
VbCallType,vbNullString,0
VbCallType,VbMethod,1
VbCallType,VbGet,2
VbCallType,VbLet,4
VbCallType,VbSet,8
VbCompareMethod,vbBinaryCompare,0
VbCompareMethod,vbTextCompare,1
VbCompareMethod,vbDatabaseCompare,2
VbDateTimeFormat,vbGeneralDate,0
VbDateTimeFormat,vbLongDate,1
VbDateTimeFormat,vbShortDate,2
VbDateTimeFormat,vbLongTime,3
VbDateTimeFormat,vbShortTime,4
VbDayOfWeek,vbUseSystemDayOfWeek,0
VbDayOfWeek,vbSunday,1
VbDayOfWeek,vbMonday,2
VbDayOfWeek,vbTuesday,3
VbDayOfWeek,vbWednesday,4
VbDayOfWeek,vbThursday,5
VbDayOfWeek,vbFriday,6
VbDayOfWeek,vbSaturday,7
VbFileAttribute,vbReadOnly,1
VbFileAttribute,vbHidden,2
VbFileAttribute,vbSystem,4
VbFileAttribute,vbVolume,8
VbFileAttribute,vbDirectory,16
VbFileAttribute,vbArchive,32
VbFileAttribute,vbAlias,64
VbFirstWeekOfYear,vbUseSystem,0
VbFirstWeekOfYear,vbFirstJan1,1
VbFirstWeekOfYear,vbFirstFourDays,2
VbFirstWeekOfYear,vbFirstFullWeek,3
VbIMEStatus,vbIMENoOp,0
VbIMEStatus,vbIMEModeNoControl,0
VbIMEStatus,vbIMEOn,1
VbIMEStatus,vbIMEModeOn,1
VbIMEStatus,vbIMEOff,2
VbIMEStatus,vbIMEModeOff,2
VbIMEStatus,vbIMEDisable,3
VbIMEStatus,vbIMEModeDisable,3
VbIMEStatus,vbIMEHiragana,4
VbIMEStatus,vbIMEModeHiragana,4
VbIMEStatus,vbIMEKatakanaDbl,5
VbIMEStatus,vbIMEModeKatakana,5
VbIMEStatus,vbIMEKatakanaSng,6
VbIMEStatus,vbIMEModeKatakanaHalf,6
VbIMEStatus,vbIMEAlphaDbl,7
VbIMEStatus,vbIMEModeAlphaFull,7
VbIMEStatus,vbIMEAlphaSng,8
VbIMEStatus,vbIMEModeAlpha,8
VbIMEStatus,vbIMEModeHangulFull,9
VbIMEStatus,vbIMEModeHangul,10
VbMsgBoxResult,vbOK,1
VbMsgBoxResult,vbCancel,2
VbMsgBoxResult,vbAbort,3
VbMsgBoxResult,vbRetry,4
VbMsgBoxResult,vbIgnore,5
VbMsgBoxResult,vbYes,6
VbMsgBoxResult,vbNo,7
VbMsgBoxStyle,vbOKOnly,0
VbMsgBoxStyle,vbDefaultButton1,0
VbMsgBoxStyle,vbApplicationModal,0
VbMsgBoxStyle,vbOKCancel,1
VbMsgBoxStyle,vbAbortRetryIgnore,2
VbMsgBoxStyle,vbYesNoCancel,3
VbMsgBoxStyle,vbYesNo,4
VbMsgBoxStyle,vbRetryCancel,5
VbMsgBoxStyle,vbCritical,16
VbMsgBoxStyle,vbQuestion,32
VbMsgBoxStyle,vbExclamation,48
VbMsgBoxStyle,vbInformation,64
VbMsgBoxStyle,vbDefaultButton2,256
VbMsgBoxStyle,vbDefaultButton3,512
VbMsgBoxStyle,vbDefaultButton4,768
VbMsgBoxStyle,vbSystemModal,4096
VbMsgBoxStyle,vbMsgBoxHelpButton,16384
VbMsgBoxStyle,vbMsgBoxSetForeground,65536
VbMsgBoxStyle,vbMsgBoxRight,524288
VbMsgBoxStyle,vbMsgBoxRtlReading,1048576
VbStrConv,vbUpperCase,1
VbStrConv,vbLowerCase,2
VbStrConv,vbProperCase,3
VbStrConv,vbWide,4
VbStrConv,vbNarrow,8
VbStrConv,vbKatakana,16
VbStrConv,vbHiragana,32
VbStrConv,vbUnicode,64
VbStrConv,vbFromUnicode,128
VbTriState,vbUseDefault,-2
VbTriState,vbTrue,-1
VbTriState,vbFalse,0
VbVarType,vbEmpty,0
VbVarType,vbNull,1
VbVarType,vbInteger,2
VbVarType,vbLong,3
VbVarType,vbSingle,4
VbVarType,vbDouble,5
VbVarType,vbCurrency,6
VbVarType,vbDate,7
VbVarType,vbString,8
VbVarType,vbObject,9
VbVarType,vbError,10
VbVarType,vbBoolean,11
VbVarType,vbVariant,12
VbVarType,vbDataObject,13
VbVarType,vbDecimal,14
VbVarType,vbByte,17
VbVarType,vbUserDefinedType,36
VbVarType,vbArray,8192
ZOrderConstants,vbBringToFront,0
ZOrderConstants,vbSendToBack,1
